rpi_0,actions,to,be,sent,to,proxy
rpi_0,actions,to,be,sent,to,proxy
rpi_0,actions,to,be,sent,to,proxy
rpi_0,actions,to,be,sent,to,proxy
rpi_0,actions,to,be,sent,to,proxy
rpi_0,actions,to,be,sent,to,proxy
rpi_0,actions,to,be,sent,to,proxy
rpi_0,actions,to,be,sent,to,proxy
rpi_0,actions,to,be,sent,to,proxy
rpi_0,actions,to,be,sent,to,proxy
rpi_0,actions,to,be,sent,to,proxy
rpi_0,actions,to,be,sent,to,proxy
rpi_0,actions,to,be,sent,to,proxy
rpi_0,actions,to,be,sent,to,proxy
rpi_0,actions,to,be,sent,to,proxy
rpi_0,actions,to,be,sent,to,proxy
rpi_0,actions,to,be,sent,to,proxy
rpi_0,actions,to,be,sent,to,proxy
rpi_0,actions,to,be,sent,to,proxy
rpi_0,actions,to,be,sent,to,proxy
rpi_0,actions,to,be,sent,to,proxy
rpi_0,actions,to,be,sent,to,proxy
rpi_0,actions,to,be,sent,to,proxy
rpi_0,actions,to,be,sent,to,proxy
rpi_0,actions,to,be,sent,to,proxy
rpi_0,actions,to,be,sent,to,proxy
rpi_0,actions,to,be,sent,to,proxy
rpi_0,actions,to,be,sent,to,proxy
rpi_0,actions,to,be,sent,to,proxy
rpi_0,actions,to,be,sent,to,proxy
